	read	write	math	science	socst
count	200.0	200.0	200.0	200.0	200.0
mean	52.23	52.775	52.645	51.85	52.405
std	10.25293682648241	9.47858602138653	9.368447794077296	9.900890777649998	10.735793464226697
min	28.0	31.0	33.0	26.0	26.0
25%	44.0	45.75	45.0	44.0	46.0
50%	50.0	54.0	52.0	53.0	52.0
75%	60.0	60.0	59.0	58.0	61.0
max	76.0	67.0	75.0	74.0	71.0
